StockItemKey,WWIStockItemID,StockItem,Color,SellingPackage,BuyingPackage,Brand,Size,LeadTimeDays,QuantityPerOuter,IsChillerStock,Barcode,TaxRate,UnitPrice,RecommendedRetailPrice,TypicalWeightPerUnit,Photo,ValidFrom,ValidTo,LineageKey
100,120,Dinosaur battery-powered slippers (Green) L,N/A,Each,Each,N/A,L,12,1,false,N/A,12.000,32.00,47.84,0.350,,2013-01-01T00:00:00.000Z,2016-05-31T23:00:00.000Z,5
101,119,Dinosaur battery-powered slippers (Green) M,N/A,Each,Each,N/A,M,12,1,false,N/A,12.000,32.00,47.84,0.350,,2013-01-01T00:00:00.000Z,2016-05-31T23:00:00.000Z,5
102,118,Dinosaur battery-powered slippers (Green) S,N/A,Each,Each,N/A,S,12,1,false,N/A,12.000,32.00,47.84,0.350,,2013-01-01T00:00:00.000Z,2016-05-31T23:00:00.000Z,5
103,117,Superhero action jacket (Blue) 5XL,Blue,Each,Each,N/A,5XL,12,1,false,N/A,12.000,34.00,50.83,0.400,,2013-01-01T00:00:00.000Z,2016-05-31T23:00:00.000Z,5
104,116,Superhero action jacket (Blue) 4XL,Blue,Each,Each,N/A,4XL,12,1,false,N/A,12.000,34.00,50.83,0.400,,2013-01-01T00:00:00.000Z,2016-05-31T23:00:00.000Z,5
105,115,Superhero action jacket (Blue) 3XL,Blue,Each,Each,N/A,3XL,12,1,false,N/A,12.000,34.00,50.83,0.400,,2013-01-01T00:00:00.000Z,2016-05-31T23:00:00.000Z,5
106,114,Superhero action jacket (Blue) XXL,Blue,Each,Each,N/A,XXL,12,1,false,N/A,12.000,30.00,44.85,0.350,,2013-01-01T00:00:00.000Z,2016-05-31T23:00:00.000Z,5
107,113,Superhero action jacket (Blue) XL,Blue,Each,Each,N/A,XL,12,1,false,N/A,12.000,30.00,44.85,0.350,,2013-01-01T00:00:00.000Z,2016-05-31T23:00:00.000Z,5
243,9,USB food flash drive - banana,N/A,Each,Each,N/A,N/A,14,1,false,N/A,14.000,32.00,47.84,0.050,,2016-05-31T23:00:00.000Z,2016-05-31T23:09:00.000Z,5
244,8,USB food flash drive - dim sum 10 drive variety pack,N/A,Packet,Packet,N/A,N/A,14,1,false,N/A,14.000,240.00,358.80,0.500,,2016-05-31T23:00:00.000Z,2016-05-31T23:09:00.000Z,5
245,7,USB food flash drive - pizza slice,N/A,Each,Each,N/A,N/A,14,1,false,N/A,14.000,32.00,47.84,0.050,,2016-05-31T23:00:00.000Z,2016-05-31T23:09:00.000Z,5
246,6,USB food flash drive - hot dog,N/A,Each,Each,N/A,N/A,14,1,false,N/A,14.000,32.00,47.84,0.050,,2016-05-31T23:00:00.000Z,2016-05-31T23:09:00.000Z,5
247,5,USB food flash drive - hamburger,N/A,Each,Each,N/A,N/A,14,1,false,N/A,14.000,32.00,47.84,0.050,,2016-05-31T23:00:00.000Z,2016-05-31T23:09:00.000Z,5
248,4,USB food flash drive - sushi roll,N/A,Each,Each,N/A,N/A,14,1,false,N/A,14.000,32.00,47.84,0.050,,2016-05-31T23:00:00.000Z,2016-05-31T23:09:00.000Z,5
249,57,IT joke mug - hardware: part of the computer that can be kicked (Black),Black,Each,Each,N/A,N/A,12,1,false,N/A,12.000,13.00,19.44,0.150,,2016-05-31T23:00:00.000Z,2016-05-31T23:10:00.000Z,5
250,56,IT joke mug - hardware: part of the computer that can be kicked (White),White,Each,Each,N/A,N/A,12,1,false,N/A,12.000,13.00,19.44,0.150,,2016-05-31T23:00:00.000Z,2016-05-31T23:10:00.000Z,5
251,55,IT joke mug - that behavior is by design (Black),Black,Each,Each,N/A,N/A,12,1,false,N/A,12.000,13.00,19.44,0.150,,2016-05-31T23:00:00.000Z,2016-05-31T23:10:00.000Z,5
252,54,IT joke mug - that behavior is by design (White),White,Each,Each,N/A,N/A,12,1,false,N/A,12.000,13.00,19.44,0.150,,2016-05-31T23:00:00.000Z,2016-05-31T23:10:00.000Z,5
253,53,IT joke mug - keyboard not found … press F1 to continue (Black),Black,Each,Each,N/A,N/A,12,1,false,N/A,12.000,13.00,19.44,0.150,,2016-05-31T23:00:00.000Z,2016-05-31T23:10:00.000Z,5
254,52,IT joke mug - keyboard not found … press F1 to continue (White),White,Each,Each,N/A,N/A,12,1,false,N/A,12.000,13.00,19.44,0.150,,2016-05-31T23:00:00.000Z,2016-05-31T23:10:00.000Z,5
255,51,Developer joke mug - old C developers never die (Black),Black,Each,Each,N/A,N/A,12,1,false,N/A,12.000,13.00,19.44,0.150,,2016-05-31T23:00:00.000Z,2016-05-31T23:10:00.000Z,5
256,50,Developer joke mug - old C developers never die (White),White,Each,Each,N/A,N/A,12,1,false,N/A,12.000,13.00,19.44,0.150,,2016-05-31T23:00:00.000Z,2016-05-31T23:10:00.000Z,5
257,49,Developer joke mug - this code was generated by a tool (Black),Black,Each,Each,N/A,N/A,12,1,false,N/A,12.000,13.00,19.44,0.150,,2016-05-31T23:00:00.000Z,2016-05-31T23:10:00.000Z,5
258,48,Developer joke mug - this code was generated by a tool (White),White,Each,Each,N/A,N/A,12,1,false,N/A,12.000,13.00,19.44,0.150,,2016-05-31T23:00:00.000Z,2016-05-31T23:10:00.000Z,5
259,47,Developer joke mug - a foo walks into a bar (Black),Black,Each,Each,N/A,N/A,12,1,false,N/A,12.000,13.00,19.44,0.150,,2016-05-31T23:00:00.000Z,2016-05-31T23:10:00.000Z,5
260,46,Developer joke mug - a foo walks into a bar (White),White,Each,Each,N/A,N/A,12,1,false,N/A,12.000,13.00,19.44,0.150,,2016-05-31T23:00:00.000Z,2016-05-31T23:10:00.000Z,5
261,45,Developer joke mug - there are 10 types of people in the world (Black),Black,Each,Each,N/A,N/A,12,1,false,N/A,12.000,13.00,19.44,0.150,,2016-05-31T23:00:00.000Z,2016-05-31T23:10:00.000Z,5
262,44,Developer joke mug - there are 10 types of people in the world (White),White,Each,Each,N/A,N/A,12,1,false,N/A,12.000,13.00,19.44,0.150,,2016-05-31T23:00:00.000Z,2016-05-31T23:10:00.000Z,5
263,43,Developer joke mug - understanding recursion requires understanding recursion (Black),Black,Each,Each,N/A,N/A,12,1,false,N/A,12.000,13.00,19.44,0.150,,2016-05-31T23:00:00.000Z,2016-05-31T23:10:00.000Z,5
264,42,Developer joke mug - understanding recursion requires understanding recursion (White),White,Each,Each,N/A,N/A,12,1,false,N/A,12.000,13.00,19.44,0.150,,2016-05-31T23:00:00.000Z,2016-05-31T23:10:00.000Z,5
265,41,"Developer joke mug - (hip, hip, array) (Black)",Black,Each,Each,N/A,N/A,12,1,false,N/A,12.000,13.00,19.44,0.150,,2016-05-31T23:00:00.000Z,2016-05-31T23:10:00.000Z,5
266,40,"Developer joke mug - (hip, hip, array) (White)",White,Each,Each,N/A,N/A,12,1,false,N/A,12.000,13.00,19.44,0.150,,2016-05-31T23:00:00.000Z,2016-05-31T23:10:00.000Z,5
267,39,Developer joke mug - inheritance is the OO way to become wealthy (Black),Black,Each,Each,N/A,N/A,12,1,false,N/A,12.000,13.00,19.44,0.150,,2016-05-31T23:00:00.000Z,2016-05-31T23:10:00.000Z,5
268,38,Developer joke mug - inheritance is the OO way to become wealthy (White),White,Each,Each,N/A,N/A,12,1,false,N/A,12.000,13.00,19.44,0.150,,2016-05-31T23:00:00.000Z,2016-05-31T23:10:00.000Z,5
269,37,Developer joke mug - when your hammer is C++ (Black),Black,Each,Each,N/A,N/A,12,1,false,N/A,12.000,13.00,19.44,0.150,,2016-05-31T23:00:00.000Z,2016-05-31T23:10:00.000Z,5
351,161,20 mm Double sided bubble wrap 50m,N/A,Each,Each,N/A,50m,14,10,false,N/A,14.000,108.00,161.46,10.000,,2016-05-31T23:00:00.000Z,2016-05-31T23:12:00.000Z,5
352,160,20 mm Double sided bubble wrap 20m,N/A,Each,Each,N/A,20m,14,10,false,N/A,14.000,33.00,49.34,6.000,,2016-05-31T23:00:00.000Z,2016-05-31T23:12:00.000Z,5
353,159,20 mm Double sided bubble wrap 10m,N/A,Each,Each,N/A,10m,14,10,false,N/A,14.000,18.00,26.91,5.000,,2016-05-31T23:00:00.000Z,2016-05-31T23:12:00.000Z,5
354,158,10 mm Double sided bubble wrap 50m,N/A,Each,Each,N/A,50m,14,10,false,N/A,14.000,105.00,156.98,10.000,,2016-05-31T23:00:00.000Z,2016-05-31T23:12:00.000Z,5
355,157,10 mm Double sided bubble wrap 20m,N/A,Each,Each,N/A,20m,14,10,false,N/A,14.000,30.00,44.85,6.000,,2016-05-31T23:00:00.000Z,2016-05-31T23:12:00.000Z,5
356,156,10 mm Double sided bubble wrap 10m,N/A,Each,Each,N/A,10m,14,10,false,N/A,14.000,15.00,22.43,5.000,,2016-05-31T23:00:00.000Z,2016-05-31T23:12:00.000Z,5
357,155,Large sized bubblewrap roll 50m,N/A,Each,Each,N/A,50m,14,10,false,N/A,14.000,24.00,35.88,10.000,,2016-05-31T23:00:00.000Z,2016-05-31T23:12:00.000Z,5
358,154,Medium sized bubblewrap roll 20m,N/A,Each,Each,N/A,20m,14,10,false,N/A,14.000,20.00,29.90,6.000,,2016-05-31T23:00:00.000Z,2016-05-31T23:12:00.000Z,5
359,153,Small sized bubblewrap roll 10m,N/A,Each,Each,N/A,10m,14,10,false,N/A,14.000,4.50,6.73,5.000,,2016-05-31T23:00:00.000Z,2016-05-31T23:12:00.000Z,5
360,137,Animal with big feet slippers (Brown) XL,N/A,Each,Each,N/A,XL,12,1,false,N/A,12.000,32.00,47.84,0.400,,2016-05-31T23:00:00.000Z,2016-05-31T23:07:00.000Z,5
361,136,Animal with big feet slippers (Brown) L,N/A,Each,Each,N/A,L,12,1,false,N/A,12.000,32.00,47.84,0.350,,2016-05-31T23:00:00.000Z,2016-05-31T23:07:00.000Z,5
362,135,Animal with big feet slippers (Brown) M,N/A,Each,Each,N/A,M,12,1,false,N/A,12.000,32.00,47.84,0.350,,2016-05-31T23:00:00.000Z,2016-05-31T23:07:00.000Z,5
363,134,Animal with big feet slippers (Brown) S,N/A,Each,Each,N/A,S,12,1,false,N/A,12.000,32.00,47.84,0.350,,2016-05-31T23:00:00.000Z,2016-05-31T23:07:00.000Z,5
364,133,Furry gorilla with big eyes slippers (Black) XL,Black,Each,Each,N/A,XL,12,1,false,N/A,12.000,32.00,47.84,0.400,,2016-05-31T23:00:00.000Z,2016-05-31T23:07:00.000Z,5
365,132,Furry gorilla with big eyes slippers (Black) L,Black,Each,Each,N/A,L,12,1,false,N/A,12.000,32.00,47.84,0.350,,2016-05-31T23:00:00.000Z,2016-05-31T23:07:00.000Z,5
366,131,Furry gorilla with big eyes slippers (Black) M,Black,Each,Each,N/A,M,12,1,false,N/A,12.000,32.00,47.84,0.350,,2016-05-31T23:00:00.000Z,2016-05-31T23:07:00.000Z,5
367,130,Furry gorilla with big eyes slippers (Black) S,Black,Each,Each,N/A,S,12,1,false,N/A,12.000,32.00,47.84,0.350,,2016-05-31T23:00:00.000Z,2016-05-31T23:07:00.000Z,5
368,129,Plush shark slippers (Gray) XL,Steel Gray,Each,Each,N/A,XL,12,1,false,N/A,12.000,32.00,47.84,0.400,,2016-05-31T23:00:00.000Z,2016-05-31T23:07:00.000Z,5
369,128,Plush shark slippers (Gray) L,Steel Gray,Each,Each,N/A,L,12,1,false,N/A,12.000,32.00,47.84,0.350,,2016-05-31T23:00:00.000Z,2016-05-31T23:07:00.000Z,5
370,127,Plush shark slippers (Gray) M,Steel Gray,Each,Each,N/A,M,12,1,false,N/A,12.000,32.00,47.84,0.350,,2016-05-31T23:00:00.000Z,2016-05-31T23:07:00.000Z,5
371,126,Plush shark slippers (Gray) S,Steel Gray,Each,Each,N/A,S,12,1,false,N/A,12.000,32.00,47.84,0.350,,2016-05-31T23:00:00.000Z,2016-05-31T23:07:00.000Z,5
372,125,Ogre battery-powered slippers (Green) XL,N/A,Each,Each,N/A,XL,12,1,false,N/A,12.000,32.00,47.84,0.400,,2016-05-31T23:00:00.000Z,2016-05-31T23:07:00.000Z,5
373,124,Ogre battery-powered slippers (Green) L,N/A,Each,Each,N/A,L,12,1,false,N/A,12.000,32.00,47.84,0.350,,2016-05-31T23:00:00.000Z,2016-05-31T23:07:00.000Z,5
374,123,Ogre battery-powered slippers (Green) M,N/A,Each,Each,N/A,M,12,1,false,N/A,12.000,32.00,47.84,0.350,,2016-05-31T23:00:00.000Z,2016-05-31T23:07:00.000Z,5
375,122,Ogre battery-powered slippers (Green) S,N/A,Each,Each,N/A,S,12,1,false,N/A,12.000,32.00,47.84,0.350,,2016-05-31T23:00:00.000Z,2016-05-31T23:07:00.000Z,5
376,121,Dinosaur battery-powered slippers (Green) XL,N/A,Each,Each,N/A,XL,12,1,false,N/A,12.000,32.00,47.84,0.400,,2016-05-31T23:00:00.000Z,2016-05-31T23:07:00.000Z,5
377,120,Dinosaur battery-powered slippers (Green) L,N/A,Each,Each,N/A,L,12,1,false,N/A,12.000,32.00,47.84,0.350,,2016-05-31T23:00:00.000Z,2016-05-31T23:07:00.000Z,5
486,151,Pack of 12 action figures (male),N/A,Packet,Packet,N/A,N/A,2,1,false,N/A,2.000,16.00,23.92,0.250,,2016-05-31T23:05:00.000Z,9999-12-31T23:59:59.999Z,5
487,152,Pack of 12 action figures (female),N/A,Packet,Packet,N/A,N/A,2,1,false,N/A,2.000,16.00,23.92,0.250,,2016-05-31T23:05:00.000Z,9999-12-31T23:59:59.999Z,5
488,67,Ride on toy sedan car (Black) 1/12 scale,Black,Each,Each,Northwind,1/12 scale,14,1,false,N/A,14.000,230.00,343.85,15.000,,2016-05-31T23:06:00.000Z,9999-12-31T23:59:59.999Z,5
489,68,Ride on toy sedan car (Red) 1/12 scale,Red,Each,Each,Northwind,1/12 scale,14,1,false,N/A,14.000,230.00,343.85,15.000,,2016-05-31T23:06:00.000Z,9999-12-31T23:59:59.999Z,5
490,69,Ride on toy sedan car (Blue) 1/12 scale,Blue,Each,Each,Northwind,1/12 scale,14,1,false,N/A,14.000,230.00,343.85,15.000,,2016-05-31T23:06:00.000Z,9999-12-31T23:59:59.999Z,5
491,70,Ride on toy sedan car (Green) 1/12 scale,N/A,Each,Each,Northwind,1/12 scale,14,1,false,N/A,14.000,230.00,343.85,15.000,,2016-05-31T23:06:00.000Z,9999-12-31T23:59:59.999Z,5
492,71,Ride on toy sedan car (Yellow) 1/12 scale,Yellow,Each,Each,Northwind,1/12 scale,14,1,false,N/A,14.000,230.00,343.85,15.000,,2016-05-31T23:06:00.000Z,9999-12-31T23:59:59.999Z,5
493,72,Ride on toy sedan car (Pink) 1/12 scale,N/A,Each,Each,Northwind,1/12 scale,14,1,false,N/A,14.000,230.00,343.85,15.000,,2016-05-31T23:06:00.000Z,9999-12-31T23:59:59.999Z,5
494,73,Ride on vintage American toy coupe (Red) 1/12 scale,Red,Each,Each,Northwind,1/12 scale,14,1,false,N/A,14.000,285.00,426.08,18.000,,2016-05-31T23:06:00.000Z,9999-12-31T23:59:59.999Z,5
495,74,Ride on vintage American toy coupe (Black) 1/12 scale,Black,Each,Each,Northwind,1/12 scale,14,1,false,N/A,14.000,285.00,426.08,18.000,,2016-05-31T23:06:00.000Z,9999-12-31T23:59:59.999Z,5
496,75,Ride on big wheel monster truck (Black) 1/12 scale,Black,Each,Each,Northwind,1/12 scale,14,1,false,N/A,14.000,345.00,515.78,21.000,,2016-05-31T23:06:00.000Z,9999-12-31T23:59:59.999Z,5
497,137,Animal with big feet slippers (Brown) XL,N/A,Each,Each,N/A,XL,12,1,false,N/A,12.000,32.00,47.84,0.400,,2016-05-31T23:07:00.000Z,2016-05-31T23:08:00.000Z,5
498,136,Animal with big feet slippers (Brown) L,N/A,Each,Each,N/A,L,12,1,false,N/A,12.000,32.00,47.84,0.350,,2016-05-31T23:07:00.000Z,2016-05-31T23:08:00.000Z,5
499,135,Animal with big feet slippers (Brown) M,N/A,Each,Each,N/A,M,12,1,false,N/A,12.000,32.00,47.84,0.350,,2016-05-31T23:07:00.000Z,2016-05-31T23:08:00.000Z,5
500,134,Animal with big feet slippers (Brown) S,N/A,Each,Each,N/A,S,12,1,false,N/A,12.000,32.00,47.84,0.350,,2016-05-31T23:07:00.000Z,2016-05-31T23:08:00.000Z,5
501,133,Furry gorilla with big eyes slippers (Black) XL,Black,Each,Each,N/A,XL,12,1,false,N/A,12.000,32.00,47.84,0.400,,2016-05-31T23:07:00.000Z,2016-05-31T23:08:00.000Z,5
502,132,Furry gorilla with big eyes slippers (Black) L,Black,Each,Each,N/A,L,12,1,false,N/A,12.000,32.00,47.84,0.350,,2016-05-31T23:07:00.000Z,2016-05-31T23:08:00.000Z,5
503,131,Furry gorilla with big eyes slippers (Black) M,Black,Each,Each,N/A,M,12,1,false,N/A,12.000,32.00,47.84,0.350,,2016-05-31T23:07:00.000Z,2016-05-31T23:08:00.000Z,5
504,130,Furry gorilla with big eyes slippers (Black) S,Black,Each,Each,N/A,S,12,1,false,N/A,12.000,32.00,47.84,0.350,,2016-05-31T23:07:00.000Z,2016-05-31T23:08:00.000Z,5
505,129,Plush shark slippers (Gray) XL,Steel Gray,Each,Each,N/A,XL,12,1,false,N/A,12.000,32.00,47.84,0.400,,2016-05-31T23:07:00.000Z,2016-05-31T23:08:00.000Z,5
506,128,Plush shark slippers (Gray) L,Steel Gray,Each,Each,N/A,L,12,1,false,N/A,12.000,32.00,47.84,0.350,,2016-05-31T23:07:00.000Z,2016-05-31T23:08:00.000Z,5
507,127,Plush shark slippers (Gray) M,Steel Gray,Each,Each,N/A,M,12,1,false,N/A,12.000,32.00,47.84,0.350,,2016-05-31T23:07:00.000Z,2016-05-31T23:08:00.000Z,5
508,126,Plush shark slippers (Gray) S,Steel Gray,Each,Each,N/A,S,12,1,false,N/A,12.000,32.00,47.84,0.350,,2016-05-31T23:07:00.000Z,2016-05-31T23:08:00.000Z,5
509,125,Ogre battery-powered slippers (Green) XL,N/A,Each,Each,N/A,XL,12,1,false,N/A,12.000,32.00,47.84,0.400,,2016-05-31T23:07:00.000Z,2016-05-31T23:08:00.000Z,5
510,124,Ogre battery-powered slippers (Green) L,N/A,Each,Each,N/A,L,12,1,false,N/A,12.000,32.00,47.84,0.350,,2016-05-31T23:07:00.000Z,2016-05-31T23:08:00.000Z,5
511,123,Ogre battery-powered slippers (Green) M,N/A,Each,Each,N/A,M,12,1,false,N/A,12.000,32.00,47.84,0.350,,2016-05-31T23:07:00.000Z,2016-05-31T23:08:00.000Z,5
512,122,Ogre battery-powered slippers (Green) S,N/A,Each,Each,N/A,S,12,1,false,N/A,12.000,32.00,47.84,0.350,,2016-05-31T23:07:00.000Z,2016-05-31T23:08:00.000Z,5
648,196,Black and orange handle with care despatch tape  48mmx100m,N/A,Each,Each,N/A,48mmx100m,14,24,false,N/A,14.000,4.10,6.13,0.700,,2016-05-31T23:12:00.000Z,9999-12-31T23:59:59.999Z,5
649,197,Black and orange this way up despatch tape 48mmx75m,N/A,Each,Each,N/A,48mmx75m,14,24,false,N/A,14.000,3.70,5.53,0.500,,2016-05-31T23:12:00.000Z,9999-12-31T23:59:59.999Z,5
650,198,Black and orange this way up despatch tape  48mmx100m,N/A,Each,Each,N/A,48mmx100m,14,24,false,N/A,14.000,4.10,6.13,0.700,,2016-05-31T23:12:00.000Z,9999-12-31T23:59:59.999Z,5
651,199,Black and yellow heavy despatch tape  48mmx75m,N/A,Each,Each,N/A,48mmx75m,14,24,false,N/A,14.000,3.70,5.53,0.500,,2016-05-31T23:12:00.000Z,9999-12-31T23:59:59.999Z,5
652,200,Black and yellow heavy despatch tape 48mmx100m,N/A,Each,Each,N/A,48mmx100m,14,24,false,N/A,14.000,4.10,6.13,0.700,,2016-05-31T23:12:00.000Z,9999-12-31T23:59:59.999Z,5
653,201,Red and white urgent despatch tape 48mmx75m,N/A,Each,Each,N/A,48mmx75m,14,24,false,N/A,14.000,3.70,5.53,0.500,,2016-05-31T23:12:00.000Z,9999-12-31T23:59:59.999Z,5
654,202,Red and white urgent  heavy despatch tape  48mmx100m,N/A,Each,Each,N/A,48mmx100m,14,24,false,N/A,14.000,4.10,6.13,0.700,,2016-05-31T23:12:00.000Z,9999-12-31T23:59:59.999Z,5
655,203,Tape dispenser (Black),N/A,Each,Each,N/A,N/A,20,10,false,N/A,20.000,32.00,47.84,1.000,,2016-05-31T23:12:00.000Z,9999-12-31T23:59:59.999Z,5
656,204,Tape dispenser (Red),N/A,Each,Each,N/A,N/A,20,10,false,N/A,20.000,32.00,47.84,1.000,,2016-05-31T23:12:00.000Z,9999-12-31T23:59:59.999Z,5
657,205,Tape dispenser (Blue),N/A,Each,Each,N/A,N/A,20,10,false,N/A,20.000,32.00,47.84,1.000,,2016-05-31T23:12:00.000Z,9999-12-31T23:59:59.999Z,5
658,206,Permanent marker black 5mm nib (Black) 5mm,N/A,Each,Each,N/A,5mm,14,12,false,N/A,14.000,2.70,4.04,0.100,,2016-05-31T23:12:00.000Z,9999-12-31T23:59:59.999Z,5
659,207,Permanent marker blue 5mm nib (Blue) 5mm,N/A,Each,Each,N/A,5mm,14,12,false,N/A,14.000,2.70,4.04,0.100,,2016-05-31T23:12:00.000Z,9999-12-31T23:59:59.999Z,5
660,208,Permanent marker red 5mm nib (Red) 5mm,N/A,Each,Each,N/A,5mm,14,12,false,N/A,14.000,2.70,4.04,0.100,,2016-05-31T23:12:00.000Z,9999-12-31T23:59:59.999Z,5
661,209,Packing knife with metal insert blade (Yellow) 9mm,N/A,Each,Each,N/A,9mm,14,5,false,N/A,14.000,1.89,2.83,0.500,,2016-05-31T23:12:00.000Z,9999-12-31T23:59:59.999Z,5
662,210,Packing knife with metal insert blade (Yellow) 18mm,N/A,Each,Each,N/A,18mm,14,5,false,N/A,14.000,2.40,3.59,0.500,,2016-05-31T23:12:00.000Z,9999-12-31T23:59:59.999Z,5
663,211,Small 9mm replacement blades 9mm,N/A,Each,Each,N/A,9mm,14,10,false,N/A,14.000,4.10,6.13,0.700,,2016-05-31T23:12:00.000Z,9999-12-31T23:59:59.999Z,5
664,212,Large  replacement blades 18mm,N/A,Each,Each,N/A,18mm,14,10,false,N/A,14.000,4.30,6.43,0.800,,2016-05-31T23:12:00.000Z,9999-12-31T23:59:59.999Z,5
665,213,Air cushion film 200mmx100mm 325m,N/A,Each,Each,N/A,325m,14,1,false,N/A,14.000,87.00,130.07,5.000,,2016-05-31T23:12:00.000Z,9999-12-31T23:59:59.999Z,5
666,214,Air cushion film 200mmx200mm 325m,N/A,Each,Each,N/A,325m,14,1,false,N/A,14.000,90.00,134.55,6.000,,2016-05-31T23:12:00.000Z,9999-12-31T23:59:59.999Z,5
667,215,Air cushion machine (Blue),N/A,Each,Each,N/A,N/A,20,1,false,N/A,20.000,1899.00,2839.01,10.000,,2016-05-31T23:12:00.000Z,9999-12-31T23:59:59.999Z,5
668,216,Void fill 100 L bag (White) 100L,N/A,Each,Each,N/A,100L,14,10,false,N/A,14.000,12.50,18.69,0.250,,2016-05-31T23:12:00.000Z,9999-12-31T23:59:59.999Z,5
669,217,Void fill 200 L bag (White) 200L,N/A,Each,Each,N/A,200L,14,10,false,N/A,14.000,25.00,37.38,0.500,,2016-05-31T23:12:00.000Z,9999-12-31T23:59:59.999Z,5
670,218,Void fill 300 L bag (White) 300L,N/A,Each,Each,N/A,300L,14,10,false,N/A,14.000,37.50,56.06,0.750,,2016-05-31T23:12:00.000Z,9999-12-31T23:59:59.999Z,5
671,219,Void fill 400 L bag (White) 400L,N/A,Each,Each,N/A,400L,14,10,false,N/A,14.000,50.00,74.75,1.000,,2016-05-31T23:12:00.000Z,9999-12-31T23:59:59.999Z,5
54,166,10 mm Anti static bubble wrap (Blue) 20m,Blue,Each,Each,N/A,20m,14,10,false,N/A,14.000,42.00,62.79,6.000,,2013-01-01T00:00:00.000Z,2016-05-31T23:00:00.000Z,5
55,165,10 mm Anti static bubble wrap (Blue) 10m,Blue,Each,Each,N/A,10m,14,10,false,N/A,14.000,26.00,38.87,5.000,,2013-01-01T00:00:00.000Z,2016-05-31T23:00:00.000Z,5
56,164,32 mm Double sided bubble wrap 50m,N/A,Each,Each,N/A,50m,14,10,false,N/A,14.000,112.00,167.44,10.000,,2013-01-01T00:00:00.000Z,2016-05-31T23:00:00.000Z,5
57,163,32 mm Double sided bubble wrap 20m,N/A,Each,Each,N/A,20m,14,10,false,N/A,14.000,37.00,55.32,6.000,,2013-01-01T00:00:00.000Z,2016-05-31T23:00:00.000Z,5
58,162,32 mm Double sided bubble wrap 10m,N/A,Each,Each,N/A,10m,14,10,false,N/A,14.000,22.00,32.89,5.000,,2013-01-01T00:00:00.000Z,2016-05-31T23:00:00.000Z,5
59,161,20 mm Double sided bubble wrap 50m,N/A,Each,Each,N/A,50m,14,10,false,N/A,14.000,108.00,161.46,10.000,,2013-01-01T00:00:00.000Z,2016-05-31T23:00:00.000Z,5
60,160,20 mm Double sided bubble wrap 20m,N/A,Each,Each,N/A,20m,14,10,false,N/A,14.000,33.00,49.34,6.000,,2013-01-01T00:00:00.000Z,2016-05-31T23:00:00.000Z,5
61,159,20 mm Double sided bubble wrap 10m,N/A,Each,Each,N/A,10m,14,10,false,N/A,14.000,18.00,26.91,5.000,,2013-01-01T00:00:00.000Z,2016-05-31T23:00:00.000Z,5
62,158,10 mm Double sided bubble wrap 50m,N/A,Each,Each,N/A,50m,14,10,false,N/A,14.000,105.00,156.98,10.000,,2013-01-01T00:00:00.000Z,2016-05-31T23:00:00.000Z,5
63,157,10 mm Double sided bubble wrap 20m,N/A,Each,Each,N/A,20m,14,10,false,N/A,14.000,30.00,44.85,6.000,,2013-01-01T00:00:00.000Z,2016-05-31T23:00:00.000Z,5
64,156,10 mm Double sided bubble wrap 10m,N/A,Each,Each,N/A,10m,14,10,false,N/A,14.000,15.00,22.43,5.000,,2013-01-01T00:00:00.000Z,2016-05-31T23:00:00.000Z,5
65,155,Large sized bubblewrap roll 50m,N/A,Each,Each,N/A,50m,14,10,false,N/A,14.000,24.00,35.88,10.000,,2013-01-01T00:00:00.000Z,2016-05-31T23:00:00.000Z,5
66,154,Medium sized bubblewrap roll 20m,N/A,Each,Each,N/A,20m,14,10,false,N/A,14.000,20.00,29.90,6.000,,2013-01-01T00:00:00.000Z,2016-05-31T23:00:00.000Z,5
67,153,Small sized bubblewrap roll 10m,N/A,Each,Each,N/A,10m,14,10,false,N/A,14.000,4.50,6.73,5.000,,2013-01-01T00:00:00.000Z,2016-05-31T23:00:00.000Z,5
68,152,Pack of 12 action figures (female),N/A,Packet,Packet,N/A,N/A,2,1,false,N/A,2.000,16.00,23.92,0.250,,2013-01-01T00:00:00.000Z,2016-05-31T23:00:00.000Z,5
69,151,Pack of 12 action figures (male),N/A,Packet,Packet,N/A,N/A,2,1,false,N/A,2.000,16.00,23.92,0.250,,2013-01-01T00:00:00.000Z,2016-05-31T23:00:00.000Z,5
70,150,Pack of 12 action figures (variety),N/A,Packet,Packet,N/A,N/A,2,1,false,N/A,2.000,16.00,23.92,0.250,,2013-01-01T00:00:00.000Z,2016-05-31T23:00:00.000Z,5
71,149,Halloween skull mask (Gray) XL,Gray,Each,Carton,N/A,XL,12,12,false,N/A,12.000,18.00,26.91,0.300,,2013-01-01T00:00:00.000Z,2016-05-31T23:00:00.000Z,5
72,148,Halloween skull mask (Gray) L,Gray,Each,Carton,N/A,L,12,12,false,N/A,12.000,18.00,26.91,0.300,,2013-01-01T00:00:00.000Z,2016-05-31T23:00:00.000Z,5
73,147,Halloween skull mask (Gray) M,Gray,Each,Carton,N/A,M,12,12,false,N/A,12.000,18.00,26.91,0.300,,2013-01-01T00:00:00.000Z,2016-05-31T23:00:00.000Z,5
74,146,Halloween skull mask (Gray) S,Gray,Each,Carton,N/A,S,12,12,false,N/A,12.000,18.00,26.91,0.300,,2013-01-01T00:00:00.000Z,2016-05-31T23:00:00.000Z,5
75,145,Halloween zombie mask (Light Brown) XL,Light Brown,Each,Carton,N/A,XL,12,12,false,N/A,12.000,18.00,26.91,0.300,,2013-01-01T00:00:00.000Z,2016-05-31T23:00:00.000Z,5
76,144,Halloween zombie mask (Light Brown) L,Light Brown,Each,Carton,N/A,L,12,12,false,N/A,12.000,18.00,26.91,0.300,,2013-01-01T00:00:00.000Z,2016-05-31T23:00:00.000Z,5
77,143,Halloween zombie mask (Light Brown) M,Light Brown,Each,Carton,N/A,M,12,12,false,N/A,12.000,18.00,26.91,0.300,,2013-01-01T00:00:00.000Z,2016-05-31T23:00:00.000Z,5
78,142,Halloween zombie mask (Light Brown) S,Light Brown,Each,Carton,N/A,S,12,12,false,N/A,12.000,18.00,26.91,0.300,,2013-01-01T00:00:00.000Z,2016-05-31T23:00:00.000Z,5
79,141,Furry animal socks (Pink) XL,N/A,Pair,Packet,N/A,XL,12,12,false,N/A,12.000,5.00,7.48,0.100,,2013-01-01T00:00:00.000Z,2016-05-31T23:00:00.000Z,5
80,140,Furry animal socks (Pink) L,N/A,Pair,Packet,N/A,L,12,12,false,N/A,12.000,5.00,7.48,0.100,,2013-01-01T00:00:00.000Z,2016-05-31T23:00:00.000Z,5
270,36,Developer joke mug - when your hammer is C++ (White),White,Each,Each,N/A,N/A,12,1,false,N/A,12.000,13.00,19.44,0.150,,2016-05-31T23:00:00.000Z,2016-05-31T23:10:00.000Z,5
271,35,Developer joke mug - fun was unexpected at this time (Black),Black,Each,Each,N/A,N/A,12,1,false,N/A,12.000,13.00,19.44,0.150,,2016-05-31T23:00:00.000Z,2016-05-31T23:10:00.000Z,5
272,34,Developer joke mug - fun was unexpected at this time (White),White,Each,Each,N/A,N/A,12,1,false,N/A,12.000,13.00,19.44,0.150,,2016-05-31T23:00:00.000Z,2016-05-31T23:10:00.000Z,5
273,33,Developer joke mug - that's a hardware problem (Black),Black,Each,Each,N/A,N/A,12,1,false,N/A,12.000,13.00,19.44,0.150,,2016-05-31T23:00:00.000Z,2016-05-31T23:10:00.000Z,5
274,32,Developer joke mug - that's a hardware problem (White),White,Each,Each,N/A,N/A,12,1,false,N/A,12.000,13.00,19.44,0.150,,2016-05-31T23:00:00.000Z,2016-05-31T23:10:00.000Z,5
275,31,Developer joke mug - Oct 31 = Dec 25 (Black),Black,Each,Each,N/A,N/A,12,1,false,N/A,12.000,13.00,19.44,0.150,,2016-05-31T23:00:00.000Z,2016-05-31T23:10:00.000Z,5
276,30,Developer joke mug - Oct 31 = Dec 25 (White),White,Each,Each,N/A,N/A,12,1,false,N/A,12.000,13.00,19.44,0.150,,2016-05-31T23:00:00.000Z,2016-05-31T23:10:00.000Z,5
277,29,DBA joke mug - two types of DBAs (Black),Black,Each,Each,N/A,N/A,12,1,false,N/A,12.000,13.00,19.44,0.150,,2016-05-31T23:00:00.000Z,2016-05-31T23:10:00.000Z,5
278,28,DBA joke mug - two types of DBAs (White),White,Each,Each,N/A,N/A,12,1,false,N/A,12.000,13.00,19.44,0.150,,2016-05-31T23:00:00.000Z,2016-05-31T23:10:00.000Z,5
279,27,DBA joke mug - SELECT caffeine FROM mug (Black),Black,Each,Each,N/A,N/A,12,1,false,N/A,12.000,13.00,19.44,0.150,,2016-05-31T23:00:00.000Z,2016-05-31T23:10:00.000Z,5
280,26,DBA joke mug - SELECT caffeine FROM mug (White),White,Each,Each,N/A,N/A,12,1,false,N/A,12.000,13.00,19.44,0.150,,2016-05-31T23:00:00.000Z,2016-05-31T23:10:00.000Z,5
281,25,DBA joke mug - I will get you in order (Black),Black,Each,Each,N/A,N/A,12,1,false,N/A,12.000,13.00,19.44,0.150,,2016-05-31T23:00:00.000Z,2016-05-31T23:10:00.000Z,5
282,24,DBA joke mug - I will get you in order (White),White,Each,Each,N/A,N/A,12,1,false,N/A,12.000,13.00,19.44,0.150,,2016-05-31T23:00:00.000Z,2016-05-31T23:10:00.000Z,5
283,23,DBA joke mug - it depends (Black),Black,Each,Each,N/A,N/A,12,1,false,N/A,12.000,13.00,19.44,0.150,,2016-05-31T23:00:00.000Z,2016-05-31T23:10:00.000Z,5
284,22,DBA joke mug - it depends (White),White,Each,Each,N/A,N/A,12,1,false,N/A,12.000,13.00,19.44,0.150,,2016-05-31T23:00:00.000Z,2016-05-31T23:10:00.000Z,5
285,21,DBA joke mug - you might be a DBA if (Black),Black,Each,Each,N/A,N/A,12,1,false,N/A,12.000,13.00,19.44,0.150,,2016-05-31T23:00:00.000Z,2016-05-31T23:10:00.000Z,5
286,20,DBA joke mug - you might be a DBA if (White),White,Each,Each,N/A,N/A,12,1,false,N/A,12.000,13.00,19.44,0.150,,2016-05-31T23:00:00.000Z,2016-05-31T23:10:00.000Z,5
287,19,DBA joke mug - daaaaaa-ta (Black),Black,Each,Each,N/A,N/A,12,1,false,N/A,12.000,13.00,19.44,0.150,,2016-05-31T23:00:00.000Z,2016-05-31T23:10:00.000Z,5
288,18,DBA joke mug - daaaaaa-ta (White),White,Each,Each,N/A,N/A,12,1,false,N/A,12.000,13.00,19.44,0.150,,2016-05-31T23:00:00.000Z,2016-05-31T23:10:00.000Z,5
289,17,DBA joke mug - mind if I join you? (Black),Black,Each,Each,N/A,N/A,12,1,false,N/A,12.000,13.00,19.44,0.150,,2016-05-31T23:00:00.000Z,2016-05-31T23:10:00.000Z,5
290,16,DBA joke mug - mind if I join you? (White),White,Each,Each,N/A,N/A,12,1,false,N/A,12.000,13.00,19.44,0.150,,2016-05-31T23:00:00.000Z,2016-05-31T23:10:00.000Z,5
291,2,USB rocket launcher (Gray),Steel Gray,Each,Each,N/A,N/A,14,1,false,N/A,14.000,25.00,37.38,0.300,,2016-05-31T23:00:00.000Z,2016-05-31T23:11:00.000Z,5
292,1,USB missile launcher (Green),N/A,Each,Each,N/A,N/A,14,1,false,N/A,14.000,25.00,37.38,0.300,,2016-05-31T23:00:00.000Z,2016-05-31T23:11:00.000Z,5
293,219,Void fill 400 L bag (White) 400L,N/A,Each,Each,N/A,400L,14,10,false,N/A,14.000,50.00,74.75,1.000,,2016-05-31T23:00:00.000Z,2016-05-31T23:12:00.000Z,5
294,218,Void fill 300 L bag (White) 300L,N/A,Each,Each,N/A,300L,14,10,false,N/A,14.000,37.50,56.06,0.750,,2016-05-31T23:00:00.000Z,2016-05-31T23:12:00.000Z,5
295,217,Void fill 200 L bag (White) 200L,N/A,Each,Each,N/A,200L,14,10,false,N/A,14.000,25.00,37.38,0.500,,2016-05-31T23:00:00.000Z,2016-05-31T23:12:00.000Z,5
296,216,Void fill 100 L bag (White) 100L,N/A,Each,Each,N/A,100L,14,10,false,N/A,14.000,12.50,18.69,0.250,,2016-05-31T23:00:00.000Z,2016-05-31T23:12:00.000Z,5
432,109,Superhero action jacket (Blue) XS,Blue,Each,Each,N/A,XS,12,1,false,N/A,12.000,25.00,37.38,0.300,,2016-05-31T23:00:00.000Z,9999-12-31T23:59:59.999Z,5
433,110,Superhero action jacket (Blue) S,Blue,Each,Each,N/A,S,12,1,false,N/A,12.000,25.00,37.38,0.300,,2016-05-31T23:00:00.000Z,9999-12-31T23:59:59.999Z,5
434,111,Superhero action jacket (Blue) M,Blue,Each,Each,N/A,M,12,1,false,N/A,12.000,30.00,44.85,0.350,,2016-05-31T23:00:00.000Z,9999-12-31T23:59:59.999Z,5
435,112,Superhero action jacket (Blue) L,Blue,Each,Each,N/A,L,12,1,false,N/A,12.000,30.00,44.85,0.350,,2016-05-31T23:00:00.000Z,9999-12-31T23:59:59.999Z,5
436,113,Superhero action jacket (Blue) XL,Blue,Each,Each,N/A,XL,12,1,false,N/A,12.000,30.00,44.85,0.350,,2016-05-31T23:00:00.000Z,9999-12-31T23:59:59.999Z,5
437,114,Superhero action jacket (Blue) XXL,Blue,Each,Each,N/A,XXL,12,1,false,N/A,12.000,30.00,44.85,0.350,,2016-05-31T23:00:00.000Z,9999-12-31T23:59:59.999Z,5
438,115,Superhero action jacket (Blue) 3XL,Blue,Each,Each,N/A,3XL,12,1,false,N/A,12.000,34.00,50.83,0.400,,2016-05-31T23:00:00.000Z,9999-12-31T23:59:59.999Z,5
439,116,Superhero action jacket (Blue) 4XL,Blue,Each,Each,N/A,4XL,12,1,false,N/A,12.000,34.00,50.83,0.400,,2016-05-31T23:00:00.000Z,9999-12-31T23:59:59.999Z,5
440,117,Superhero action jacket (Blue) 5XL,Blue,Each,Each,N/A,5XL,12,1,false,N/A,12.000,34.00,50.83,0.400,,2016-05-31T23:00:00.000Z,9999-12-31T23:59:59.999Z,5
441,138,Furry animal socks (Pink) S,N/A,Pair,Packet,N/A,S,12,12,false,N/A,12.000,5.00,7.48,0.100,,2016-05-31T23:00:00.000Z,9999-12-31T23:59:59.999Z,5
442,139,Furry animal socks (Pink) M,N/A,Pair,Packet,N/A,M,12,12,false,N/A,12.000,5.00,7.48,0.100,,2016-05-31T23:00:00.000Z,9999-12-31T23:59:59.999Z,5
443,140,Furry animal socks (Pink) L,N/A,Pair,Packet,N/A,L,12,12,false,N/A,12.000,5.00,7.48,0.100,,2016-05-31T23:00:00.000Z,9999-12-31T23:59:59.999Z,5
444,141,Furry animal socks (Pink) XL,N/A,Pair,Packet,N/A,XL,12,12,false,N/A,12.000,5.00,7.48,0.100,,2016-05-31T23:00:00.000Z,9999-12-31T23:59:59.999Z,5
445,220,Novelty chilli chocolates 250g,N/A,Bag,Carton,N/A,250g,3,24,true,8302039293929,3.000,8.55,12.23,0.250,,2016-05-31T23:00:00.000Z,9999-12-31T23:59:59.999Z,5
446,221,Novelty chilli chocolates 500g,N/A,Bag,Carton,N/A,500g,3,12,true,8302039293647,3.000,14.50,20.74,0.500,,2016-05-31T23:00:00.000Z,9999-12-31T23:59:59.999Z,5
447,222,Chocolate beetles 250g,N/A,Bag,Carton,N/A,250g,3,24,true,8792838293820,3.000,8.55,12.23,0.250,,2016-05-31T23:00:00.000Z,9999-12-31T23:59:59.999Z,5
448,223,Chocolate echidnas 250g,N/A,Bag,Carton,N/A,250g,3,24,true,8792838293728,3.000,8.55,12.23,0.250,,2016-05-31T23:00:00.000Z,9999-12-31T23:59:59.999Z,5
449,224,Chocolate frogs 250g,N/A,Bag,Carton,N/A,250g,3,24,true,8792838293987,3.000,8.55,12.23,0.250,,2016-05-31T23:00:00.000Z,9999-12-31T23:59:59.999Z,5
450,225,Chocolate sharks 250g,N/A,Bag,Carton,N/A,250g,3,24,true,8792838293234,3.000,8.55,12.23,0.250,,2016-05-31T23:00:00.000Z,9999-12-31T23:59:59.999Z,5
451,226,White chocolate snow balls 250g,N/A,Bag,Carton,N/A,250g,3,24,true,8792838293236,3.000,8.55,12.23,0.250,,2016-05-31T23:00:00.000Z,9999-12-31T23:59:59.999Z,5
452,227,White chocolate moon rocks 250g,N/A,Bag,Carton,N/A,250g,3,24,true,8792838293289,3.000,8.55,12.23,0.250,,2016-05-31T23:00:00.000Z,9999-12-31T23:59:59.999Z,5
453,74,Ride on vintage American toy coupe (Black) 1/12 scale,Black,Each,Each,Northwind,1/12 scale,14,1,false,N/A,14.000,285.00,426.08,18.000,,2016-05-31T23:00:00.000Z,2016-05-31T23:03:00.000Z,5
454,73,Ride on vintage American toy coupe (Red) 1/12 scale,Red,Each,Each,Northwind,1/12 scale,14,1,false,N/A,14.000,285.00,426.08,18.000,,2016-05-31T23:00:00.000Z,2016-05-31T23:03:00.000Z,5
455,66,RC big wheel monster truck with remote control (Black) 1/50 scale,Black,Each,Each,Northwind,1/50 scale,14,1,false,N/A,14.000,45.00,67.28,1.800,,2016-05-31T23:01:00.000Z,2016-05-31T23:02:00.000Z,5
456,65,RC vintage American toy coupe with remote control (Black) 1/50 scale,Black,Each,Each,Northwind,1/50 scale,14,1,false,N/A,14.000,30.00,44.85,1.700,,2016-05-31T23:01:00.000Z,2016-05-31T23:02:00.000Z,5
457,64,RC vintage American toy coupe with remote control (Red) 1/50 scale,Red,Each,Each,Northwind,1/50 scale,14,1,false,N/A,14.000,30.00,44.85,1.700,,2016-05-31T23:01:00.000Z,2016-05-31T23:02:00.000Z,5
458,63,RC toy sedan car with remote control (Pink) 1/50 scale,N/A,Each,Each,Northwind,1/50 scale,14,1,false,N/A,14.000,25.00,37.38,1.500,,2016-05-31T23:01:00.000Z,2016-05-31T23:02:00.000Z,5
540,12,USB food flash drive - donut,N/A,Each,Each,N/A,N/A,14,1,false,N/A,14.000,32.00,47.84,0.050,,2016-05-31T23:09:00.000Z,2016-05-31T23:11:00.000Z,5
541,11,USB food flash drive - cookie,N/A,Each,Each,N/A,N/A,14,1,false,N/A,14.000,32.00,47.84,0.050,,2016-05-31T23:09:00.000Z,2016-05-31T23:11:00.000Z,5
542,10,USB food flash drive - chocolate bar,N/A,Each,Each,N/A,N/A,14,1,false,N/A,14.000,32.00,47.84,0.050,,2016-05-31T23:09:00.000Z,2016-05-31T23:11:00.000Z,5
543,9,USB food flash drive - banana,N/A,Each,Each,N/A,N/A,14,1,false,N/A,14.000,32.00,47.84,0.050,,2016-05-31T23:09:00.000Z,2016-05-31T23:11:00.000Z,5
544,8,USB food flash drive - dim sum 10 drive variety pack,N/A,Packet,Packet,N/A,N/A,14,1,false,N/A,14.000,240.00,358.80,0.500,,2016-05-31T23:09:00.000Z,2016-05-31T23:11:00.000Z,5
545,7,USB food flash drive - pizza slice,N/A,Each,Each,N/A,N/A,14,1,false,N/A,14.000,32.00,47.84,0.050,,2016-05-31T23:09:00.000Z,2016-05-31T23:11:00.000Z,5
546,6,USB food flash drive - hot dog,N/A,Each,Each,N/A,N/A,14,1,false,N/A,14.000,32.00,47.84,0.050,,2016-05-31T23:09:00.000Z,2016-05-31T23:11:00.000Z,5
547,5,USB food flash drive - hamburger,N/A,Each,Each,N/A,N/A,14,1,false,N/A,14.000,32.00,47.84,0.050,,2016-05-31T23:09:00.000Z,2016-05-31T23:11:00.000Z,5
548,4,USB food flash drive - sushi roll,N/A,Each,Each,N/A,N/A,14,1,false,N/A,14.000,32.00,47.84,0.050,,2016-05-31T23:09:00.000Z,2016-05-31T23:11:00.000Z,5
549,16,DBA joke mug - mind if I join you? (White),White,Each,Each,N/A,N/A,12,1,false,N/A,12.000,13.00,19.44,0.150,,2016-05-31T23:10:00.000Z,9999-12-31T23:59:59.999Z,5
550,17,DBA joke mug - mind if I join you? (Black),Black,Each,Each,N/A,N/A,12,1,false,N/A,12.000,13.00,19.44,0.150,,2016-05-31T23:10:00.000Z,9999-12-31T23:59:59.999Z,5
551,18,DBA joke mug - daaaaaa-ta (White),White,Each,Each,N/A,N/A,12,1,false,N/A,12.000,13.00,19.44,0.150,,2016-05-31T23:10:00.000Z,9999-12-31T23:59:59.999Z,5
552,19,DBA joke mug - daaaaaa-ta (Black),Black,Each,Each,N/A,N/A,12,1,false,N/A,12.000,13.00,19.44,0.150,,2016-05-31T23:10:00.000Z,9999-12-31T23:59:59.999Z,5
553,20,DBA joke mug - you might be a DBA if (White),White,Each,Each,N/A,N/A,12,1,false,N/A,12.000,13.00,19.44,0.150,,2016-05-31T23:10:00.000Z,9999-12-31T23:59:59.999Z,5
554,21,DBA joke mug - you might be a DBA if (Black),Black,Each,Each,N/A,N/A,12,1,false,N/A,12.000,13.00,19.44,0.150,,2016-05-31T23:10:00.000Z,9999-12-31T23:59:59.999Z,5
555,22,DBA joke mug - it depends (White),White,Each,Each,N/A,N/A,12,1,false,N/A,12.000,13.00,19.44,0.150,,2016-05-31T23:10:00.000Z,9999-12-31T23:59:59.999Z,5
556,23,DBA joke mug - it depends (Black),Black,Each,Each,N/A,N/A,12,1,false,N/A,12.000,13.00,19.44,0.150,,2016-05-31T23:10:00.000Z,9999-12-31T23:59:59.999Z,5
557,24,DBA joke mug - I will get you in order (White),White,Each,Each,N/A,N/A,12,1,false,N/A,12.000,13.00,19.44,0.150,,2016-05-31T23:10:00.000Z,9999-12-31T23:59:59.999Z,5
558,25,DBA joke mug - I will get you in order (Black),Black,Each,Each,N/A,N/A,12,1,false,N/A,12.000,13.00,19.44,0.150,,2016-05-31T23:10:00.000Z,9999-12-31T23:59:59.999Z,5
559,26,DBA joke mug - SELECT caffeine FROM mug (White),White,Each,Each,N/A,N/A,12,1,false,N/A,12.000,13.00,19.44,0.150,,2016-05-31T23:10:00.000Z,9999-12-31T23:59:59.999Z,5
560,27,DBA joke mug - SELECT caffeine FROM mug (Black),Black,Each,Each,N/A,N/A,12,1,false,N/A,12.000,13.00,19.44,0.150,,2016-05-31T23:10:00.000Z,9999-12-31T23:59:59.999Z,5
561,28,DBA joke mug - two types of DBAs (White),White,Each,Each,N/A,N/A,12,1,false,N/A,12.000,13.00,19.44,0.150,,2016-05-31T23:10:00.000Z,9999-12-31T23:59:59.999Z,5
562,29,DBA joke mug - two types of DBAs (Black),Black,Each,Each,N/A,N/A,12,1,false,N/A,12.000,13.00,19.44,0.150,,2016-05-31T23:10:00.000Z,9999-12-31T23:59:59.999Z,5
563,30,Developer joke mug - Oct 31 = Dec 25 (White),White,Each,Each,N/A,N/A,12,1,false,N/A,12.000,13.00,19.44,0.150,,2016-05-31T23:10:00.000Z,9999-12-31T23:59:59.999Z,5
564,31,Developer joke mug - Oct 31 = Dec 25 (Black),Black,Each,Each,N/A,N/A,12,1,false,N/A,12.000,13.00,19.44,0.150,,2016-05-31T23:10:00.000Z,9999-12-31T23:59:59.999Z,5
565,32,Developer joke mug - that's a hardware problem (White),White,Each,Each,N/A,N/A,12,1,false,N/A,12.000,13.00,19.44,0.150,,2016-05-31T23:10:00.000Z,9999-12-31T23:59:59.999Z,5
566,33,Developer joke mug - that's a hardware problem (Black),Black,Each,Each,N/A,N/A,12,1,false,N/A,12.000,13.00,19.44,0.150,,2016-05-31T23:10:00.000Z,9999-12-31T23:59:59.999Z,5
81,139,Furry animal socks (Pink) M,N/A,Pair,Packet,N/A,M,12,12,false,N/A,12.000,5.00,7.48,0.100,,2013-01-01T00:00:00.000Z,2016-05-31T23:00:00.000Z,5
82,138,Furry animal socks (Pink) S,N/A,Pair,Packet,N/A,S,12,12,false,N/A,12.000,5.00,7.48,0.100,,2013-01-01T00:00:00.000Z,2016-05-31T23:00:00.000Z,5
83,137,Animal with big feet slippers (Brown) XL,N/A,Each,Each,N/A,XL,12,1,false,N/A,12.000,32.00,47.84,0.400,,2013-01-01T00:00:00.000Z,2016-05-31T23:00:00.000Z,5
84,136,Animal with big feet slippers (Brown) L,N/A,Each,Each,N/A,L,12,1,false,N/A,12.000,32.00,47.84,0.350,,2013-01-01T00:00:00.000Z,2016-05-31T23:00:00.000Z,5
85,135,Animal with big feet slippers (Brown) M,N/A,Each,Each,N/A,M,12,1,false,N/A,12.000,32.00,47.84,0.350,,2013-01-01T00:00:00.000Z,2016-05-31T23:00:00.000Z,5
86,134,Animal with big feet slippers (Brown) S,N/A,Each,Each,N/A,S,12,1,false,N/A,12.000,32.00,47.84,0.350,,2013-01-01T00:00:00.000Z,2016-05-31T23:00:00.000Z,5
87,133,Furry gorilla with big eyes slippers (Black) XL,Black,Each,Each,N/A,XL,12,1,false,N/A,12.000,32.00,47.84,0.400,,2013-01-01T00:00:00.000Z,2016-05-31T23:00:00.000Z,5
88,132,Furry gorilla with big eyes slippers (Black) L,Black,Each,Each,N/A,L,12,1,false,N/A,12.000,32.00,47.84,0.350,,2013-01-01T00:00:00.000Z,2016-05-31T23:00:00.000Z,5
89,131,Furry gorilla with big eyes slippers (Black) M,Black,Each,Each,N/A,M,12,1,false,N/A,12.000,32.00,47.84,0.350,,2013-01-01T00:00:00.000Z,2016-05-31T23:00:00.000Z,5
90,130,Furry gorilla with big eyes slippers (Black) S,Black,Each,Each,N/A,S,12,1,false,N/A,12.000,32.00,47.84,0.350,,2013-01-01T00:00:00.000Z,2016-05-31T23:00:00.000Z,5
91,129,Plush shark slippers (Gray) XL,Gray,Each,Each,N/A,XL,12,1,false,N/A,12.000,32.00,47.84,0.400,,2013-01-01T00:00:00.000Z,2016-05-31T23:00:00.000Z,5
92,128,Plush shark slippers (Gray) L,Gray,Each,Each,N/A,L,12,1,false,N/A,12.000,32.00,47.84,0.350,,2013-01-01T00:00:00.000Z,2016-05-31T23:00:00.000Z,5
93,127,Plush shark slippers (Gray) M,Gray,Each,Each,N/A,M,12,1,false,N/A,12.000,32.00,47.84,0.350,,2013-01-01T00:00:00.000Z,2016-05-31T23:00:00.000Z,5
94,126,Plush shark slippers (Gray) S,Gray,Each,Each,N/A,S,12,1,false,N/A,12.000,32.00,47.84,0.350,,2013-01-01T00:00:00.000Z,2016-05-31T23:00:00.000Z,5
95,125,Ogre battery-powered slippers (Green) XL,N/A,Each,Each,N/A,XL,12,1,false,N/A,12.000,32.00,47.84,0.400,,2013-01-01T00:00:00.000Z,2016-05-31T23:00:00.000Z,5
96,124,Ogre battery-powered slippers (Green) L,N/A,Each,Each,N/A,L,12,1,false,N/A,12.000,32.00,47.84,0.350,,2013-01-01T00:00:00.000Z,2016-05-31T23:00:00.000Z,5
97,123,Ogre battery-powered slippers (Green) M,N/A,Each,Each,N/A,M,12,1,false,N/A,12.000,32.00,47.84,0.350,,2013-01-01T00:00:00.000Z,2016-05-31T23:00:00.000Z,5
98,122,Ogre battery-powered slippers (Green) S,N/A,Each,Each,N/A,S,12,1,false,N/A,12.000,32.00,47.84,0.350,,2013-01-01T00:00:00.000Z,2016-05-31T23:00:00.000Z,5
99,121,Dinosaur battery-powered slippers (Green) XL,N/A,Each,Each,N/A,XL,12,1,false,N/A,12.000,32.00,47.84,0.400,,2013-01-01T00:00:00.000Z,2016-05-31T23:00:00.000Z,5
